{
  "n_boot": 2000,
  "seed": 20260707,
  "results": {
    "axis": {
      "A": {
        "point_estimate": 0.6894844988460549,
        "bootstrap_mean": 0.6891253081603935,
        "bootstrap_std": 0.015903225342510492,
        "cv_pct": 2.307740719168164,
        "ci95_low": 0.6572931075840935,
        "ci95_median": 0.6893668448699074,
        "ci95_high": 0.7193406087024553
      },
      "P": {
        "point_estimate": 0.16836943659202896,
        "bootstrap_mean": 0.16870123395701825,
        "bootstrap_std": 0.012916631942475883,
        "cv_pct": 7.65651301979616,
        "ci95_low": 0.1437596463138568,
        "ci95_median": 0.1682200589704348,
        "ci95_high": 0.1945303447145104
      },
      "C": {
        "point_estimate": 0.028258588896277272,
        "bootstrap_mean": 0.028276973131837812,
        "bootstrap_std": 0.0011564561283618695,
        "cv_pct": 4.089745118651982,
        "ci95_low": 0.026172428814861752,
        "ci95_median": 0.028209482305690207,
        "ci95_high": 0.030549293729464397
      },
      "I": {
        "point_estimate": 0.11388747566563887,
        "bootstrap_mean": 0.1138964847507503,
        "bootstrap_std": 0.00830852040839324,
        "cv_pct": 7.294799682865986,
        "ci95_low": 0.09873144417601117,
        "ci95_median": 0.11358985858714035,
        "ci95_high": 0.13052101362270363
      }
    },
    "within_A": {
      "A1": {
        "point_estimate": 0.3761270287081997,
        "bootstrap_mean": 0.37610154405675916,
        "bootstrap_std": 0.011772862653871539,
        "cv_pct": 3.130235129291265,
        "ci95_low": 0.351883767451224,
        "ci95_median": 0.3764573876605835,
        "ci95_high": 0.39747111819173914
      },
      "A2": {
        "point_estimate": 0.008668999147779084,
        "bootstrap_mean": 0.008766621390634114,
        "bootstrap_std": 0.0022804193902462855,
        "cv_pct": 26.012522825299477,
        "ci95_low": 0.004735934997386791,
        "ci95_median": 0.008699456880649076,
        "ci95_high": 0.013540852429076704
      },
      "A3": {
        "point_estimate": 0.42246229044903777,
        "bootstrap_mean": 0.42238409758244455,
        "bootstrap_std": 0.0128924224661815,
        "cv_pct": 3.052298261220653,
        "ci95_low": 0.39779260690561724,
        "ci95_median": 0.42198153687723106,
        "ci95_high": 0.44880582156729015
      },
      "A4": {
        "point_estimate": 0.18974276547380506,
        "bootstrap_mean": 0.18974332713852482,
        "bootstrap_std": 0.007682923275015843,
        "cv_pct": 4.049113816480522,
        "ci95_low": 0.17491717379667773,
        "ci95_median": 0.18977439143276717,
        "ci95_high": 0.20442292299694076
      },
      "A5": {
        "point_estimate": 0.002998916221178312,
        "bootstrap_mean": 0.0030044098316373306,
        "bootstrap_std": 0.0005228515405689008,
        "cv_pct": 17.40280354108545,
        "ci95_low": 0.0020332997850283914,
        "ci95_median": 0.00300023782928407,
        "ci95_high": 0.004064931391551389
      }
    },
    "within_P": {
      "P4": {
        "point_estimate": 0.002239068172281027,
        "bootstrap_mean": 0.002179368545426581,
        "bootstrap_std": 0.0022242895926602945,
        "cv_pct": 102.06119553886288,
        "ci95_low": -5.609283770478674e-15,
        "ci95_median": 0.0020613713601564734,
        "ci95_high": 0.007521643323978055
      },
      "P5": {
        "point_estimate": 0.7657437676196038,
        "bootstrap_mean": 0.7581474641363574,
        "bootstrap_std": 0.045042416650736064,
        "cv_pct": 5.941115519267227,
        "ci95_low": 0.6796974282899012,
        "ci95_median": 0.7650017009206156,
        "ci95_high": 0.8094134835682734
      },
      "P6": {
        "point_estimate": 2.450103053546287e-15,
        "bootstrap_mean": 0.0058880000000017104,
        "bootstrap_std": 0.04618638378378948,
        "cv_pct": 784.4154854581533,
        "ci95_low": -5.7714818260434004e-15,
        "ci95_median": 2.2302349882888304e-15,
        "ci95_high": 1.4261976266417044e-14
      },
      "P7": {
        "point_estimate": 0.12608347509535475,
        "bootstrap_mean": 0.12744691908382913,
        "bootstrap_std": 0.021946294667165182,
        "cv_pct": 17.219949156032442,
        "ci95_low": 0.08741934460797925,
        "ci95_median": 0.1255615471327127,
        "ci95_high": 0.17614052406610903
      },
      "P8": {
        "point_estimate": 0.04993368911275801,
        "bootstrap_mean": 0.050338248234385145,
        "bootstrap_std": 0.008469992448524921,
        "cv_pct": 16.82615654221202,
        "ci95_low": 0.035772692067732724,
        "ci95_median": 0.04968890329579136,
        "ci95_high": 0.06867383051086375
      },
      "P9": {
        "point_estimate": 0.056,
        "bootstrap_mean": 0.05600000000000002,
        "bootstrap_std": 2.0821887834527034e-17,
        "cv_pct": 3.71819425616554e-14,
        "ci95_low": 0.056,
        "ci95_median": 0.056,
        "ci95_high": 0.056
      }
    },
    "within_C": {
      "C1": {
        "point_estimate": 0.0012354172361284206,
        "bootstrap_mean": 0.0012359521616957872,
        "bootstrap_std": 0.0003198013148886931,
        "cv_pct": 25.874894255608567,
        "ci95_low": 0.0006942145628715405,
        "ci95_median": 0.001209403100450882,
        "ci95_high": 0.0019528020548363338
      },
      "C2": {
        "point_estimate": 0.3372086862465165,
        "bootstrap_mean": 0.3371964312456729,
        "bootstrap_std": 0.01788626172826746,
        "cv_pct": 5.304404219876211,
        "ci95_low": 0.30274451915482314,
        "ci95_median": 0.3374938800112972,
        "ci95_high": 0.3722927391471876
      },
      "C3": {
        "point_estimate": 0.2280560865324849,
        "bootstrap_mean": 0.2284174147146905,
        "bootstrap_std": 0.01408929847385614,
        "cv_pct": 6.16822429737009,
        "ci95_low": 0.20236287421083868,
        "ci95_median": 0.22830829227219213,
        "ci95_high": 0.2576371971960404
      },
      "C4": {
        "point_estimate": 0.43349980998487014,
        "bootstrap_mean": 0.43315020187794084,
        "bootstrap_std": 0.014149411240971842,
        "cv_pct": 3.266629261541718,
        "ci95_low": 0.4061098707703909,
        "ci95_median": 0.43302900482860196,
        "ci95_high": 0.46080394777683364
      }
    },
    "within_I": {
      "I1": {
        "point_estimate": 0.48778188493130464,
        "bootstrap_mean": 0.487967087600124,
        "bootstrap_std": 0.017896017896565985,
        "cv_pct": 3.667464128488783,
        "ci95_low": 0.45219342983865535,
        "ci95_median": 0.48838668975245236,
        "ci95_high": 0.5219215118166667
      },
      "I2": {
        "point_estimate": 0.2689926977757587,
        "bootstrap_mean": 0.26887493552283365,
        "bootstrap_std": 0.014497513180583552,
        "cv_pct": 5.391916934314757,
        "ci95_low": 0.24041845682418694,
        "ci95_median": 0.268554837728864,
        "ci95_high": 0.29672109397146185
      },
      "I3": {
        "point_estimate": 0.19954635267409818,
        "bootstrap_mean": 0.19939840070027554,
        "bootstrap_std": 0.011761690216336856,
        "cv_pct": 5.898588040340588,
        "ci95_low": 0.17743065594027596,
        "ci95_median": 0.19927568780670632,
        "ci95_high": 0.22220498958727694
      },
      "I4": {
        "point_estimate": 0.003980451893249224,
        "bootstrap_mean": 0.003965271341294843,
        "bootstrap_std": 0.0007379967240204907,
        "cv_pct": 18.61150626275933,
        "ci95_low": 0.0025902696529586616,
        "ci95_median": 0.003916095315315407,
        "ci95_high": 0.005440857549958538
      },
      "I5": {
        "point_estimate": 0.03969861272558927,
        "bootstrap_mean": 0.03979430483547183,
        "bootstrap_std": 0.0038019363425298813,
        "cv_pct": 9.553970997229012,
        "ci95_low": 0.03290488395262019,
        "ci95_median": 0.03964559352876133,
        "ci95_high": 0.04798281548895552
      }
    }
  }
}