{
  "axis": {
    "group": "axis (A,P,C,I)",
    "n_obs": {
      "A": 968,
      "P": 968,
      "C": 968,
      "I": 968
    },
    "computable": [
      "A",
      "P",
      "C",
      "I"
    ],
    "retained_ahp_only": [],
    "retained_budget": 0,
    "ahp_weights": {
      "A": 0.514,
      "P": 0.216,
      "C": 0.073,
      "I": 0.197
    },
    "ewm_weights_raw_on_computable": {
      "A": 0.3856204919775031,
      "P": 0.27685470176374594,
      "C": 0.1356263354989663,
      "I": 0.20189847075978468
    },
    "blended_weights": {
      "A": 0.6441958605069364,
      "P": 0.19435707792767512,
      "C": 0.03217818870443976,
      "I": 0.12926887286094874
    }
  },
  "within_A": {
    "group": "within-A (A1-A5)",
    "n_obs": {
      "A1": 875,
      "A2": 875,
      "A3": 413,
      "A4": 817,
      "A5": 968
    },
    "computable": [
      "A1",
      "A2",
      "A3",
      "A4",
      "A5"
    ],
    "retained_ahp_only": [],
    "retained_budget": 0,
    "ahp_weights": {
      "A1": 0.303,
      "A2": 0.165,
      "A3": 0.165,
      "A4": 0.303,
      "A5": 0.065
    },
    "ewm_weights_raw_on_computable": {
      "A1": 0.435656079318395,
      "A2": 0.018438979440441157,
      "A3": 0.30654990557463757,
      "A4": 0.22316294821606147,
      "A5": 0.01619208745046481
    },
    "blended_weights": {
      "A1": 0.5190913298523321,
      "A2": 0.011964049251033311,
      "A3": 0.19890353368205868,
      "A4": 0.26590229555497724,
      "A5": 0.004138791659598814
    }
  },
  "within_P": {
    "group": "within-P (P4-P9)",
    "n_obs": {
      "P4": 122,
      "P5": 90,
      "P6": 30,
      "P7": 968,
      "P8": 968,
      "P9": 0
    },
    "computable": [
      "P4",
      "P5",
      "P6",
      "P7",
      "P8"
    ],
    "retained_ahp_only": [
      "P9"
    ],
    "retained_budget": 0.056,
    "ahp_weights": {
      "P4": 0.143,
      "P5": 0.143,
      "P6": 0.368,
      "P7": 0.235,
      "P8": 0.056,
      "P9": 0.056
    },
    "ewm_weights_raw_on_computable": {
      "P4": 0.0023030581512116922,
      "P5": 0.7876278389323359,
      "P6": 9.792873794610396e-16,
      "P7": 0.07891579440474965,
      "P8": 0.1311533085117018
    },
    "blended_weights": {
      "P9": 0.056,
      "P4": 0.002239068172281027,
      "P5": 0.7657437676196038,
      "P6": 2.450103053546287e-15,
      "P7": 0.12608347509535475,
      "P8": 0.04993368911275801
    }
  },
  "within_C": {
    "group": "within-C (C1-C4)",
    "n_obs": {
      "C1": 968,
      "C2": 875,
      "C3": 874,
      "C4": 873
    },
    "computable": [
      "C1",
      "C2",
      "C3",
      "C4"
    ],
    "retained_ahp_only": [],
    "retained_budget": 0,
    "ahp_weights": {
      "C1": 0.144,
      "C2": 0.32,
      "C3": 0.391,
      "C4": 0.144
    },
    "ewm_weights_raw_on_computable": {
      "C1": 0.0018439384457111217,
      "C2": 0.22576980682276204,
      "C3": 0.1253603411668305,
      "C4": 0.6470259135646963
    },
    "blended_weights": {
      "C1": 0.0012367385495405808,
      "C2": 0.3364998123319294,
      "C3": 0.2282999989185582,
      "C4": 0.4339634501999718
    }
  },
  "within_I": {
    "group": "within-I (I1-I5)",
    "n_obs": {
      "I1": 875,
      "I2": 817,
      "I3": 968,
      "I4": 124,
      "I5": 846
    },
    "computable": [
      "I1",
      "I2",
      "I3",
      "I4",
      "I5"
    ],
    "retained_ahp_only": [],
    "retained_budget": 0,
    "ahp_weights": {
      "I1": 0.156,
      "I2": 0.295,
      "I3": 0.083,
      "I4": 0.156,
      "I5": 0.311
    },
    "ewm_weights_raw_on_computable": {
      "I1": 0.47712774716139206,
      "I2": 0.13264144615857626,
      "I3": 0.36685910820041234,
      "I4": 0.0038935108153468354,
      "I5": 0.01947818766427249
    },
    "blended_weights": {
      "I1": 0.493988049460606,
      "I2": 0.2596919186163063,
      "I3": 0.2020852282128899,
      "I4": 0.004031096126078724,
      "I5": 0.040203707584119154
    }
  }
}