corruption_type,n,ADMIT_k,ADMIT_rate,CONDITIONAL_k,CONDITIONAL_rate,REJECT_k,REJECT_rate
coordinate_jitter,30,1,0.03333333333333333,29,0.9666666666666667,0,0.0
depth_implausible,27,0,0.0,1,0.037037037037037035,26,0.9629629629629629
inject_duplicates,29,0,0.0,28,0.9655172413793104,1,0.034482758620689655
inject_missingness,29,1,0.034482758620689655,28,0.9655172413793104,0,0.0
magnitude_gr_violation,30,1,0.03333333333333333,29,0.9666666666666667,0,0.0
timestamp_collision,28,0,0.0,28,1.0,0,0.0
